{"_timestamp":1.7641494197564454e+09,"Train/Loss":10.75,"_step":100,"Optimization/LR":1.1999999999999999e-05,"_wandb":{"runtime":525},"_runtime":525.562931754}